source,is_ghana,text,predicted_label
BBC Hausa,TRUE,tsohon shugaban kasar ghana john dramani mahama ya gudanar muhimmin taro mambobin jamiyyar ndc birnin accra mahalararta taron tattauna kan hanyoyin inganta tattalin arzikin kasar warware matsalolin wutar lantarki kamfanin ecg mahama ya nanata cewa yan kasar ghana buƙatar shugabanci gaskiya domin ciyar kasar gaba magance hauhawar farashi,negative
VOA Hausa,TRUE,shugaban kasar ghana nana akufoaddo ya ziyarci birnin kumasi shiyyar ashanti domin buɗe cibiyar neman katin shaida ghana card hukumar bayyana cewa shirin taimaka wajen sa ido kan rajistar yan kasa inganta harkar banki jamaa dama kumasi nuna jin dadinsu kan yunkuri sauƙaƙa musu samun takardun hukuma,negative
DW Hausa,TRUE,kocin tawagar kwallon kafa ghana black stars ya sanar jerin yan wasan fafata filin wasa tamale masoya kwallon kafa arewacin ghana cika farin ciki ganin yadda yi wasan birnin tamale yan wasan lashi takobin samun nasara domin faranta magoya bayansu rai,negative
BBC Hausa,TRUE,gwamnatin ghana ware tsabar kudi domin gyara manyan hanyoyin suka haɗa birnin takoradi shiyyar volta ministan ayyuka ya bayyana cewa aiki taimaka wajen jigilar kayan amfanin gona kauyuka zuwa manyan birane kamar cape coast accra,negative
VOA Hausa,TRUE,kamfanin wutar lantarki ghana ecg fuskantar kalubale tsanani wajen raba wutar lantarki sassa dabandaban birnin accra kewayenta yan kasuwa yawa birnin bayyana cewa dauke wutar aka shafe kwanaki ana yi haifar babbar asara sanaoinsu gwamnati yi alkawarin kawo dauki gaggawa domin gyara naurori dawo wuta zuwa kowane yanki,negative
BBC Hausa,TRUE,mambobin kwamitin kasuwanci majalisar dokokin ghana birnin accra gudanar taro musamman domin duba farashin abinci kasuwannin kumasi tamale accra kwamitin ya bukaci ministan kasuwanci ya gabatar sabbin shiryeshirye sauƙaƙa talakawa sayen shinkafa masara gabanin faduwar damina,negative
DW Hausa,TRUE,gudanar gagarumin baje kolin aladu abincin hausawa unguwar zongo birnin kumasi ghana taron ya nuna muhimmancin zaman lafiya haɗin kan alummomin hausawa ghana shugabannin alumma wakilan gwamnatin shiyyar ashanti halarci taron inda aka gudanar rayerayen gargajiya sayar kayan hannu,negative
VOA Hausa,TRUE,jamiar cape coast kudancin kasar ghana kaddamar sabuwar cibiyar bunkasa ilimin fasahar zamani dalibai shugaban jamiar ya bayyana cewa shiri bawa matasa damar samun horo kan sarrafa kwamfuta binciken bayanai daliban suka halarci taron kaddamarwar bayyana jin dadinsu sosai,negative
BBC Hausa,TRUE,gwamnatin ghana kaddamar shirin rarraba takin zamani ingantattun irabuka manoman shiyyar northern region jawabi birnin tamale ministan noma ya shiri inganta fannin samar abinci ghana rage dogaro shigo kayan gona kasashen waje manoman nuna godiyarsu kan dauki,negative
DW Hausa,TRUE,ayyukan fadada tashar jiragen ruwa takoradi yammacin ghana matsayi karshe shugabannin gudanarwa tabbatar cewa sabbin gineginen manyan jiragen ruwa damar sauke man fetur sauran kayayyaki tsaro sauri ya sa ake sa ran samun karuwar ayyukan yi matasa takoradi sekondi,negative
VOA Hausa,TRUE,yakin neman zabe ci gaba yin zafi kasar ghana yayin yan takarar jamiyyar npp ndc suka gabatar tarurrukan gangami shiyyar volta jefa kuria buƙaci alkawurra kan gina asibitoci makarantu inganta hanyoyi gabanin babban zaben kasar,negative
BBC Hausa,TRUE,babbar tawaga arewacin najeriya ziyarci babban birnin ghana wato accra gami kasancewa unguwannin zongo tattaunawar maida hankali kan kulla alakar yanuwantaka taimakawa addini zaman lafiya tsakanin yan kasashen biyu shugabannin alumma accra gudanar liyafar maraba bakin,negative
DW Hausa,TRUE,mamakon ruwan sama aka yi arewacin ghana ya haifar ambaliya katse babbar hanyar mota tsakanin birnin tamale bolgatanga direbobi yan kasuwa daruruwa makale tare kayan gonarsu hukumar agajin gaggawa ghana nadmo aika jamiai domin gudanar aikin ceto samar hanyoyin wucewa,neutral
VOA Hausa,TRUE,filin wasa karkashin kasa accra ya karbi bakuncin daruruwan matasa yan wasa kowane shiyya ghana ciki ashanti northern region volta gudanar gasar tseren gudu tsalle wasan kwallon raga ministan wasanni ghana ya yaba matasan kan juriya nuna kwarewa,negative
BBC Hausa,TRUE,darajar kudin kasar ghana wato cedi samun kwanciyar hankali wajen canjin dala kasuwannin accra kumasi masana harkokin kudi ghana bayyana cewa matakan bankin shiyar kasar zuba dalar amurka kasuwa ya taimaka wajen dakile hauhawar farashi shugabannin yan kasuwa nuna gamsuwa,negative
DW Hausa,TRUE,intanet kafar sadarwa zamani zama hanyar neman abinci dubban matasa birnin kumasi kewaye sakamakon samun katin shaida ghana card sauƙaƙa bude asusun banki matasa dama sayar tufafi abinci kayan wutar lantarki kasuwancin yanar gizo,neutral
VOA Hausa,TRUE,likitoci asibitin korle bu birnin accra gudanar aikin duba idanu hawan jini cutar siga mutane sama dubu biyu shiri maaikatar lafiya ghana dauki nauyinsa ya taimakawa talakawa dama tsarin inshorar lafiya,positive
BBC Hausa,TRUE,ayyukan gina babban asibitin yanki birnin takoradi yammacin ghana dab kammaluwa gwamnati bayyana cewa sanya naurorin zamani domin samar kulawa gari maaikata iyalansu shiyyar kasuwancin man fetur ghana,neutral
DW Hausa,TRUE,hukumar kiyaye muhalli ghana kaddamar shirin dasa bishiyoyi dubu dari kewayen birnin tamale sauran yankunan arewacin ghana manufar shirin ita magance matsalar kwararar hamada zafin damun manoma makiyaya shiyyar,negative
VOA Hausa,TRUE,yan kasuwa daruruwa accra lagos kumasi kano halarci taron kasuwanci haɗin gwiwa aka yi ghana taron ya mayar hankali kan rage harajin kan iyaka sauƙaƙa zirgazirgar kayayyaki amfani katin shaida tsakanin kasashen yammacin afrika,negative
VOA Hausa,FALSE,kungiyar kasashen afrika ecowas tare haɗin gwiwar tarayyar turai gudanar taro kan matsalolin tsaro suka shafi yankin sahel masana jaddada buƙatar haɗin tsakanin rundunonin tsaro domin dakile ayyukan yan taadda yan bindiga,negative
DW Hausa,FALSE,manoma jihohin kano katsina maradi nijar fara samun nasara biyo ruwan saman aka samu tsakiyar hukumar kula yanayi ja hankalin manoma kiyaye amfani takin zamani ya dace,negative
BBC Hausa,FALSE,shugabannin sojin kasashen mali burkina faso nijar gudanar taron sirri birnin niamey tattauna kan yadda karfafa gwiwar dakarunsu wajen yaki kungiyoyin yan taadda barazana rayukan fararen hula kauyuka,negative
VOA Hausa,FALSE,kamfanin man fetur kasar najeriya nnpc ya bayyana sabon matsayi game rarraba gidajen birnin abuja kano port harcourt ababen hawa dama nuna fargaba kan yiwuwar karin kudin sufuri tsakiyar mako,neutral
DW Hausa,FALSE,wakilan kasashe fiye taru birnin geneva kasar switzerland domin tattauna matsalar dumamar yanayi duniya kasashen afrika buƙaci tallafin kudi gaggawa domin gudanar aikin gina magudanar ruwa kariya ambaliya,negative
BBC Hausa,FALSE,kungiyar kwallon kafa matasan najeriya samu nasarar lallasa takararta kasar morocco ci biyu daya birnin cairo kocin tawagar ya yaba yan wasansa bisa jajircewa kwazo gabanin wasan kusa karshe buga senegal,neutral
VOA Hausa,FALSE,maaikatar lafiya kasar kenya tare haɗin gwiwar kamfanonin fasaha kaddamar amfani naura kwakwalwa wato ai domin taimakawa likitoci wajen gano cutar kansa cutar fuka wuri tsari ya rage majinyata jira domin samun sakamakon gwaji,negative
DW Hausa,FALSE,rahoton aka wallafa gidan rediyon dw hausa ya nuna cewa zuba jari kasar sin zuwa nahiyar afrika ya karu kashi dari manazarta ayyukan gina hanyoyin jirgin kasa tashoshin wutar lantarki sune kan gaba wajen jan hankalin zuba jari,negative
BBC Hausa,FALSE,hukumar kula ilimi aladu majalisar dinkin duniya unesco ware kudaden tallafi domin karfafa karatun yammata makarantun gaba sekandari shirin maida hankali kan fannin kimiyya fasaha lissafi stem,neutral
VOA Hausa,FALSE,hukumar lafiya duniya who sanar cewa fara gudanar shirin allurar rigakafin malariya kasashen ivory coast togo nijeriya likitoci tabbatar cewa allurar rage adadin yaran mutuwa zazzabin sauro shekaru biyar zuwa,negative
DW Hausa,FALSE,shugabannin kasashe membobin kungiyar ecowas gudanar taro hanyar bidiyo domin tattauna halin tsaro ciki yankin sahel yammacin afrika taron ya jaddada muhimmancin goyon baya rundunonin tsaro domin tabbatar zaman lafiya rahoton ya fito manema labarai dw hausa shiyyar yammacin afrika manazarta jaddada cewa ci gaba kula fanni kawo zaman lafiya bunkasar tattalin arziki tsakanin alumma,positive
DW Hausa,TRUE,kungiyar yan kasuwa birnin accra gudanar taron tattaunawa wakilan maaikatar kasuwanci kasar ghana taron ya maida hankali kan hanyoyin rage harajin kayan abinci wutar lantarki kamfanin ecg shugaban yan kasuwa kasuwar makola accra ya bayyana cewa sauƙaƙa haraji gaggauta farfaɗo tattalin arzikin yan kasa rahoton ya fito manema labarai dw hausa shiyyar yammacin afrika manazarta jaddada cewa ci gaba kula fanni kawo zaman lafiya bunkasar tattalin arziki tsakanin alumma,negative
DW Hausa,TRUE,tsohon shugaban kasar ghana john mahama ya gabatar jawabi tsawo gaban yan jarida birnin accra john mahama ya kalubalanci maaikatar kudi kan rashin daukar matakan dakile hauhawar farashi kasuwannin kumasi tamale cape coast mahama ya yi alkawarin sauyesauye yan kasar suka zabe rahoton ya fito manema labarai dw hausa shiyyar yammacin afrika manazarta jaddada cewa ci gaba kula fanni kawo zaman lafiya bunkasar tattalin arziki tsakanin alumma,negative
DW Hausa,FALSE,yan kasuwa garuruwan kan iyaka kamar katsina jibia maradi bayyana cewa bude kan iyakoki ya bunkasa safarar abinci tufafi hukumar fito kasashen biyu yi alkawarin ci gaba damar gudanar kasuwanci lumana rahoton ya fito manema labarai dw hausa shiyyar yammacin afrika manazarta jaddada cewa ci gaba kula fanni kawo zaman lafiya bunkasar tattalin arziki tsakanin alumma,negative
VOA Hausa,TRUE,shugaba nana akufoaddo ya gudanar ziyarar aiki zuwa birnin takoradi domin duba matakin ginin sabon asibitin shiyyar nana akufoaddo ya jaddada cewa gwamnatinsa ci gaba inganta fannin kiwon lafiya yankin takoradi sekondi domin asibitin ya hidimta alumma tsaro inganci rahoton ya fito manema labarai voa hausa shiyyar yammacin afrika manazarta jaddada cewa ci gaba kula fanni kawo zaman lafiya bunkasar tattalin arziki tsakanin alumma,positive
BBC Hausa,TRUE,kungiyar yan kasuwa birnin accra gudanar taron tattaunawa wakilan maaikatar kasuwanci kasar ghana taron ya maida hankali kan hanyoyin rage harajin kayan abinci wutar lantarki kamfanin ecg shugaban yan kasuwa kasuwar makola accra ya bayyana cewa sauƙaƙa haraji gaggauta farfaɗo tattalin arzikin yan kasa rahoton ya fito manema labarai bbc hausa shiyyar yammacin afrika manazarta jaddada cewa ci gaba kula fanni kawo zaman lafiya bunkasar tattalin arziki tsakanin alumma,negative
VOA Hausa,FALSE,hukumar lafiya duniya who kaddamar shirin rigakafi musamman kananan yara kasashen afrika likitoci fatan shiri kare dubban yara cutar kyanda polio cututtukan fuka rahoton ya fito manema labarai voa hausa shiyyar yammacin afrika manazarta jaddada cewa ci gaba kula fanni kawo zaman lafiya bunkasar tattalin arziki tsakanin alumma,positive
VOA Hausa,TRUE,gwamnatin ghana abokan hulɗa kasa kasa rarraba naurorin feshin maganin kwari ingantattun irabuka manoma kewayen birnin tamale dauki taimaka manoman northern region wajen bunkasa samar masara shinkafa waken suya shekara rahoton ya fito manema labarai voa hausa shiyyar yammacin afrika manazarta jaddada cewa ci gaba kula fanni kawo zaman lafiya bunkasar tattalin arziki tsakanin alumma,negative
DW Hausa,TRUE,hukumar katin shaida kasar ghana bayyana cewa kashi dari yan kasar birane kamar accra kumasi takoradi sami katin ghana card katin shaida ya sauƙaƙa mutane harkar banki rajistar layukan salula fadin kasar rahoton ya fito manema labarai dw hausa shiyyar yammacin afrika manazarta jaddada cewa ci gaba kula fanni kawo zaman lafiya bunkasar tattalin arziki tsakanin alumma,negative
DW Hausa,FALSE,hukumar lafiya duniya who kaddamar shirin rigakafi musamman kananan yara kasashen afrika likitoci fatan shiri kare dubban yara cutar kyanda polio cututtukan fuka rahoton ya fito manema labarai dw hausa shiyyar yammacin afrika manazarta jaddada cewa ci gaba kula fanni kawo zaman lafiya bunkasar tattalin arziki tsakanin alumma,positive
DW Hausa,TRUE,gwamnatin ghana abokan hulɗa kasa kasa rarraba naurorin feshin maganin kwari ingantattun irabuka manoma kewayen birnin tamale dauki taimaka manoman northern region wajen bunkasa samar masara shinkafa waken suya shekara rahoton ya fito manema labarai dw hausa shiyyar yammacin afrika manazarta jaddada cewa ci gaba kula fanni kawo zaman lafiya bunkasar tattalin arziki tsakanin alumma,negative
DW Hausa,TRUE,mambobin majalisar dokoki parliament birnin accra gudanar zaman taro musamman kan hanyoyin karfafa gwiwar mata wajen zuwa makarantun gaba sekandari kwamitin ya buƙaci gwamnati kara kudaden tallafi dalibai shiyyoyin volta ashanti northern region rahoton ya fito manema labarai dw hausa shiyyar yammacin afrika manazarta jaddada cewa ci gaba kula fanni kawo zaman lafiya bunkasar tattalin arziki tsakanin alumma,negative
VOA Hausa,FALSE,yan kasuwa garuruwan kan iyaka kamar katsina jibia maradi bayyana cewa bude kan iyakoki ya bunkasa safarar abinci tufafi hukumar fito kasashen biyu yi alkawarin ci gaba damar gudanar kasuwanci lumana rahoton ya fito manema labarai voa hausa shiyyar yammacin afrika manazarta jaddada cewa ci gaba kula fanni kawo zaman lafiya bunkasar tattalin arziki tsakanin alumma,negative
VOA Hausa,TRUE,tsohon shugaban kasar ghana john mahama ya gabatar jawabi tsawo gaban yan jarida birnin accra john mahama ya kalubalanci maaikatar kudi kan rashin daukar matakan dakile hauhawar farashi kasuwannin kumasi tamale cape coast mahama ya yi alkawarin sauyesauye yan kasar suka zabe rahoton ya fito manema labarai voa hausa shiyyar yammacin afrika manazarta jaddada cewa ci gaba kula fanni kawo zaman lafiya bunkasar tattalin arziki tsakanin alumma,negative
DW Hausa,TRUE,shugaba nana akufoaddo ya gudanar ziyarar aiki zuwa birnin takoradi domin duba matakin ginin sabon asibitin shiyyar nana akufoaddo ya jaddada cewa gwamnatinsa ci gaba inganta fannin kiwon lafiya yankin takoradi sekondi domin asibitin ya hidimta alumma tsaro inganci rahoton ya fito manema labarai dw hausa shiyyar yammacin afrika manazarta jaddada cewa ci gaba kula fanni kawo zaman lafiya bunkasar tattalin arziki tsakanin alumma,positive
BBC Hausa,FALSE,shugabannin kasashe membobin kungiyar ecowas gudanar taro hanyar bidiyo domin tattauna halin tsaro ciki yankin sahel yammacin afrika taron ya jaddada muhimmancin goyon baya rundunonin tsaro domin tabbatar zaman lafiya rahoton ya fito manema labarai bbc hausa shiyyar yammacin afrika manazarta jaddada cewa ci gaba kula fanni kawo zaman lafiya bunkasar tattalin arziki tsakanin alumma,positive
DW Hausa,TRUE,babban gudanarwa kamfanin wutar lantarki ecg ghana ya tabbatar cewa sanya sabbin transformer guda kasuwannin kumasi kewayenta tsari dakile matsalar dauke wuta yan kasuwa fuskanta shiyyar ashanti rahoton ya fito manema labarai dw hausa shiyyar yammacin afrika manazarta jaddada cewa ci gaba kula fanni kawo zaman lafiya bunkasar tattalin arziki tsakanin alumma,negative
DW Hausa,TRUE,tsohon shugaban kasar ghana john mahama ya gabatar jawabi tsawo gaban yan jarida birnin accra john mahama ya kalubalanci maaikatar kudi kan rashin daukar matakan dakile hauhawar farashi kasuwannin kumasi tamale cape coast mahama ya yi alkawarin sauyesauye yan kasar suka zabe rahoton ya fito manema labarai dw hausa shiyyar yammacin afrika manazarta jaddada cewa ci gaba kula fanni kawo zaman lafiya bunkasar tattalin arziki tsakanin alumma,negative
BBC Hausa,FALSE,kociyoyin kungiyoyin kafa nahiyar afrika kamar senegal morocco kamaru fara tantance yan wasansu domin gasar kofin duniya zuwa masana harkokin wasanni hango yiwuwar kasashen afrika tsallake zuwa matakan kusa karshe rahoton ya fito manema labarai bbc hausa shiyyar yammacin afrika manazarta jaddada cewa ci gaba kula fanni kawo zaman lafiya bunkasar tattalin arziki tsakanin alumma,negative
BBC Hausa,TRUE,shugaba nana akufoaddo ya gudanar ziyarar aiki zuwa birnin takoradi domin duba matakin ginin sabon asibitin shiyyar nana akufoaddo ya jaddada cewa gwamnatinsa ci gaba inganta fannin kiwon lafiya yankin takoradi sekondi domin asibitin ya hidimta alumma tsaro inganci rahoton ya fito manema labarai bbc hausa shiyyar yammacin afrika manazarta jaddada cewa ci gaba kula fanni kawo zaman lafiya bunkasar tattalin arziki tsakanin alumma,positive
VOA Hausa,TRUE,kungiyar yan kasuwa birnin accra gudanar taron tattaunawa wakilan maaikatar kasuwanci kasar ghana taron ya maida hankali kan hanyoyin rage harajin kayan abinci wutar lantarki kamfanin ecg shugaban yan kasuwa kasuwar makola accra ya bayyana cewa sauƙaƙa haraji gaggauta farfaɗo tattalin arzikin yan kasa rahoton ya fito manema labarai voa hausa shiyyar yammacin afrika manazarta jaddada cewa ci gaba kula fanni kawo zaman lafiya bunkasar tattalin arziki tsakanin alumma,negative
BBC Hausa,FALSE,shugabannin kasashe membobin kungiyar ecowas gudanar taro hanyar bidiyo domin tattauna halin tsaro ciki yankin sahel yammacin afrika taron ya jaddada muhimmancin goyon baya rundunonin tsaro domin tabbatar zaman lafiya rahoton ya fito manema labarai bbc hausa shiyyar yammacin afrika manazarta jaddada cewa ci gaba kula fanni kawo zaman lafiya bunkasar tattalin arziki tsakanin alumma,positive
VOA Hausa,TRUE,tsohon shugaban kasar ghana john mahama ya gabatar jawabi tsawo gaban yan jarida birnin accra john mahama ya kalubalanci maaikatar kudi kan rashin daukar matakan dakile hauhawar farashi kasuwannin kumasi tamale cape coast mahama ya yi alkawarin sauyesauye yan kasar suka zabe rahoton ya fito manema labarai voa hausa shiyyar yammacin afrika manazarta jaddada cewa ci gaba kula fanni kawo zaman lafiya bunkasar tattalin arziki tsakanin alumma,negative
VOA Hausa,TRUE,tawagar kwallon kafa ghana wato black stars fara atisaye tsanani gabanin wasan neman gurbin shiga gasar kofin nahiyar afrika yan wasan black stars buga wasa kasashen turai isa birnin accra kumasi domin haɗuwa sauran takwarorinsu gida rahoton ya fito manema labarai voa hausa shiyyar yammacin afrika manazarta jaddada cewa ci gaba kula fanni kawo zaman lafiya bunkasar tattalin arziki tsakanin alumma,negative
DW Hausa,FALSE,shugabannin kasashe membobin kungiyar ecowas gudanar taro hanyar bidiyo domin tattauna halin tsaro ciki yankin sahel yammacin afrika taron ya jaddada muhimmancin goyon baya rundunonin tsaro domin tabbatar zaman lafiya rahoton ya fito manema labarai dw hausa shiyyar yammacin afrika manazarta jaddada cewa ci gaba kula fanni kawo zaman lafiya bunkasar tattalin arziki tsakanin alumma,positive
DW Hausa,TRUE,gwamnatin ghana abokan hulɗa kasa kasa rarraba naurorin feshin maganin kwari ingantattun irabuka manoma kewayen birnin tamale dauki taimaka manoman northern region wajen bunkasa samar masara shinkafa waken suya shekara rahoton ya fito manema labarai dw hausa shiyyar yammacin afrika manazarta jaddada cewa ci gaba kula fanni kawo zaman lafiya bunkasar tattalin arziki tsakanin alumma,negative
VOA Hausa,TRUE,hukumar katin shaida kasar ghana bayyana cewa kashi dari yan kasar birane kamar accra kumasi takoradi sami katin ghana card katin shaida ya sauƙaƙa mutane harkar banki rajistar layukan salula fadin kasar rahoton ya fito manema labarai voa hausa shiyyar yammacin afrika manazarta jaddada cewa ci gaba kula fanni kawo zaman lafiya bunkasar tattalin arziki tsakanin alumma,negative
BBC Hausa,FALSE,kociyoyin kungiyoyin kafa nahiyar afrika kamar senegal morocco kamaru fara tantance yan wasansu domin gasar kofin duniya zuwa masana harkokin wasanni hango yiwuwar kasashen afrika tsallake zuwa matakan kusa karshe rahoton ya fito manema labarai bbc hausa shiyyar yammacin afrika manazarta jaddada cewa ci gaba kula fanni kawo zaman lafiya bunkasar tattalin arziki tsakanin alumma,negative
BBC Hausa,TRUE,shugaba nana akufoaddo ya gudanar ziyarar aiki zuwa birnin takoradi domin duba matakin ginin sabon asibitin shiyyar nana akufoaddo ya jaddada cewa gwamnatinsa ci gaba inganta fannin kiwon lafiya yankin takoradi sekondi domin asibitin ya hidimta alumma tsaro inganci rahoton ya fito manema labarai bbc hausa shiyyar yammacin afrika manazarta jaddada cewa ci gaba kula fanni kawo zaman lafiya bunkasar tattalin arziki tsakanin alumma,positive
BBC Hausa,TRUE,babban gudanarwa kamfanin wutar lantarki ecg ghana ya tabbatar cewa sanya sabbin transformer guda kasuwannin kumasi kewayenta tsari dakile matsalar dauke wuta yan kasuwa fuskanta shiyyar ashanti rahoton ya fito manema labarai bbc hausa shiyyar yammacin afrika manazarta jaddada cewa ci gaba kula fanni kawo zaman lafiya bunkasar tattalin arziki tsakanin alumma,negative
BBC Hausa,FALSE,shugabannin kasashe membobin kungiyar ecowas gudanar taro hanyar bidiyo domin tattauna halin tsaro ciki yankin sahel yammacin afrika taron ya jaddada muhimmancin goyon baya rundunonin tsaro domin tabbatar zaman lafiya rahoton ya fito manema labarai bbc hausa shiyyar yammacin afrika manazarta jaddada cewa ci gaba kula fanni kawo zaman lafiya bunkasar tattalin arziki tsakanin alumma,positive
BBC Hausa,TRUE,alummomin shiyyar volta kasar ghana gudanar bukin gargajiya shekarashekara domin nuna godiya albarkar amfanin gona taron ya sami halartar sarakunan gargajiya yan majalisa baki garuruwan kumasi accra rahoton ya fito manema labarai bbc hausa shiyyar yammacin afrika manazarta jaddada cewa ci gaba kula fanni kawo zaman lafiya bunkasar tattalin arziki tsakanin alumma,negative
DW Hausa,TRUE,gwamnatin ghana abokan hulɗa kasa kasa rarraba naurorin feshin maganin kwari ingantattun irabuka manoma kewayen birnin tamale dauki taimaka manoman northern region wajen bunkasa samar masara shinkafa waken suya shekara rahoton ya fito manema labarai dw hausa shiyyar yammacin afrika manazarta jaddada cewa ci gaba kula fanni kawo zaman lafiya bunkasar tattalin arziki tsakanin alumma,negative
BBC Hausa,FALSE,kociyoyin kungiyoyin kafa nahiyar afrika kamar senegal morocco kamaru fara tantance yan wasansu domin gasar kofin duniya zuwa masana harkokin wasanni hango yiwuwar kasashen afrika tsallake zuwa matakan kusa karshe rahoton ya fito manema labarai bbc hausa shiyyar yammacin afrika manazarta jaddada cewa ci gaba kula fanni kawo zaman lafiya bunkasar tattalin arziki tsakanin alumma,negative
VOA Hausa,TRUE,gwamnatin ghana abokan hulɗa kasa kasa rarraba naurorin feshin maganin kwari ingantattun irabuka manoma kewayen birnin tamale dauki taimaka manoman northern region wajen bunkasa samar masara shinkafa waken suya shekara rahoton ya fito manema labarai voa hausa shiyyar yammacin afrika manazarta jaddada cewa ci gaba kula fanni kawo zaman lafiya bunkasar tattalin arziki tsakanin alumma,negative
BBC Hausa,TRUE,tsohon shugaban kasar ghana john mahama ya gabatar jawabi tsawo gaban yan jarida birnin accra john mahama ya kalubalanci maaikatar kudi kan rashin daukar matakan dakile hauhawar farashi kasuwannin kumasi tamale cape coast mahama ya yi alkawarin sauyesauye yan kasar suka zabe rahoton ya fito manema labarai bbc hausa shiyyar yammacin afrika manazarta jaddada cewa ci gaba kula fanni kawo zaman lafiya bunkasar tattalin arziki tsakanin alumma,negative
BBC Hausa,FALSE,yan kasuwa garuruwan kan iyaka kamar katsina jibia maradi bayyana cewa bude kan iyakoki ya bunkasa safarar abinci tufafi hukumar fito kasashen biyu yi alkawarin ci gaba damar gudanar kasuwanci lumana rahoton ya fito manema labarai bbc hausa shiyyar yammacin afrika manazarta jaddada cewa ci gaba kula fanni kawo zaman lafiya bunkasar tattalin arziki tsakanin alumma,negative
DW Hausa,TRUE,gwamnatin ghana abokan hulɗa kasa kasa rarraba naurorin feshin maganin kwari ingantattun irabuka manoma kewayen birnin tamale dauki taimaka manoman northern region wajen bunkasa samar masara shinkafa waken suya shekara rahoton ya fito manema labarai dw hausa shiyyar yammacin afrika manazarta jaddada cewa ci gaba kula fanni kawo zaman lafiya bunkasar tattalin arziki tsakanin alumma,negative
BBC Hausa,TRUE,babban gudanarwa kamfanin wutar lantarki ecg ghana ya tabbatar cewa sanya sabbin transformer guda kasuwannin kumasi kewayenta tsari dakile matsalar dauke wuta yan kasuwa fuskanta shiyyar ashanti rahoton ya fito manema labarai bbc hausa shiyyar yammacin afrika manazarta jaddada cewa ci gaba kula fanni kawo zaman lafiya bunkasar tattalin arziki tsakanin alumma,negative
DW Hausa,FALSE,shugabannin kasashe membobin kungiyar ecowas gudanar taro hanyar bidiyo domin tattauna halin tsaro ciki yankin sahel yammacin afrika taron ya jaddada muhimmancin goyon baya rundunonin tsaro domin tabbatar zaman lafiya rahoton ya fito manema labarai dw hausa shiyyar yammacin afrika manazarta jaddada cewa ci gaba kula fanni kawo zaman lafiya bunkasar tattalin arziki tsakanin alumma,positive
DW Hausa,TRUE,babban gudanarwa kamfanin wutar lantarki ecg ghana ya tabbatar cewa sanya sabbin transformer guda kasuwannin kumasi kewayenta tsari dakile matsalar dauke wuta yan kasuwa fuskanta shiyyar ashanti rahoton ya fito manema labarai dw hausa shiyyar yammacin afrika manazarta jaddada cewa ci gaba kula fanni kawo zaman lafiya bunkasar tattalin arziki tsakanin alumma,negative
BBC Hausa,TRUE,cibiyar bunkasa fasaha shiyyar ashanti birnin kumasi kaddamar shirin horar matasa daruruwa kan dabarun kera manhajoji sarrafa intanet matasan nuna jin dadinsu sosai inda suka horo bude musu damammakin samun aiki ghana kasashen waje rahoton ya fito manema labarai bbc hausa shiyyar yammacin afrika manazarta jaddada cewa ci gaba kula fanni kawo zaman lafiya bunkasar tattalin arziki tsakanin alumma,positive
DW Hausa,FALSE,kociyoyin kungiyoyin kafa nahiyar afrika kamar senegal morocco kamaru fara tantance yan wasansu domin gasar kofin duniya zuwa masana harkokin wasanni hango yiwuwar kasashen afrika tsallake zuwa matakan kusa karshe rahoton ya fito manema labarai dw hausa shiyyar yammacin afrika manazarta jaddada cewa ci gaba kula fanni kawo zaman lafiya bunkasar tattalin arziki tsakanin alumma,negative
BBC Hausa,TRUE,jamian rundunar yan sandan ghana gudanar samamen bazata sassa dabandaban biranen accra tamale inda suka kama mutane ake zargi fataucin miyagun kwayoyi kwamishinan yan sandan ya jaddada aniyar rundunar tsabtace birane rahoton ya fito manema labarai bbc hausa shiyyar yammacin afrika manazarta jaddada cewa ci gaba kula fanni kawo zaman lafiya bunkasar tattalin arziki tsakanin alumma,negative
DW Hausa,TRUE,alummomin shiyyar volta kasar ghana gudanar bukin gargajiya shekarashekara domin nuna godiya albarkar amfanin gona taron ya sami halartar sarakunan gargajiya yan majalisa baki garuruwan kumasi accra rahoton ya fito manema labarai dw hausa shiyyar yammacin afrika manazarta jaddada cewa ci gaba kula fanni kawo zaman lafiya bunkasar tattalin arziki tsakanin alumma,negative
BBC Hausa,FALSE,yan kasuwa garuruwan kan iyaka kamar katsina jibia maradi bayyana cewa bude kan iyakoki ya bunkasa safarar abinci tufafi hukumar fito kasashen biyu yi alkawarin ci gaba damar gudanar kasuwanci lumana rahoton ya fito manema labarai bbc hausa shiyyar yammacin afrika manazarta jaddada cewa ci gaba kula fanni kawo zaman lafiya bunkasar tattalin arziki tsakanin alumma,negative
DW Hausa,TRUE,kungiyar yan kasuwa birnin accra gudanar taron tattaunawa wakilan maaikatar kasuwanci kasar ghana taron ya maida hankali kan hanyoyin rage harajin kayan abinci wutar lantarki kamfanin ecg shugaban yan kasuwa kasuwar makola accra ya bayyana cewa sauƙaƙa haraji gaggauta farfaɗo tattalin arzikin yan kasa rahoton ya fito manema labarai dw hausa shiyyar yammacin afrika manazarta jaddada cewa ci gaba kula fanni kawo zaman lafiya bunkasar tattalin arziki tsakanin alumma,negative
DW Hausa,TRUE,kungiyar yan kasuwa birnin accra gudanar taron tattaunawa wakilan maaikatar kasuwanci kasar ghana taron ya maida hankali kan hanyoyin rage harajin kayan abinci wutar lantarki kamfanin ecg shugaban yan kasuwa kasuwar makola accra ya bayyana cewa sauƙaƙa haraji gaggauta farfaɗo tattalin arzikin yan kasa rahoton ya fito manema labarai dw hausa shiyyar yammacin afrika manazarta jaddada cewa ci gaba kula fanni kawo zaman lafiya bunkasar tattalin arziki tsakanin alumma,negative
DW Hausa,FALSE,masanan kimiyya jamioin nahiyar afrika turai kera sabon nauin naurar hasken rana karfi aiki gari ya yi gajimare fasaha rage kudin wutar lantarki iyaye kasuwanni kasashen tasowa rahoton ya fito manema labarai dw hausa shiyyar yammacin afrika manazarta jaddada cewa ci gaba kula fanni kawo zaman lafiya bunkasar tattalin arziki tsakanin alumma,positive
DW Hausa,TRUE,alummomin shiyyar volta kasar ghana gudanar bukin gargajiya shekarashekara domin nuna godiya albarkar amfanin gona taron ya sami halartar sarakunan gargajiya yan majalisa baki garuruwan kumasi accra rahoton ya fito manema labarai dw hausa shiyyar yammacin afrika manazarta jaddada cewa ci gaba kula fanni kawo zaman lafiya bunkasar tattalin arziki tsakanin alumma,negative
BBC Hausa,TRUE,gwamnatin ghana abokan hulɗa kasa kasa rarraba naurorin feshin maganin kwari ingantattun irabuka manoma kewayen birnin tamale dauki taimaka manoman northern region wajen bunkasa samar masara shinkafa waken suya shekara rahoton ya fito manema labarai bbc hausa shiyyar yammacin afrika manazarta jaddada cewa ci gaba kula fanni kawo zaman lafiya bunkasar tattalin arziki tsakanin alumma,negative
BBC Hausa,FALSE,masanan kimiyya jamioin nahiyar afrika turai kera sabon nauin naurar hasken rana karfi aiki gari ya yi gajimare fasaha rage kudin wutar lantarki iyaye kasuwanni kasashen tasowa rahoton ya fito manema labarai bbc hausa shiyyar yammacin afrika manazarta jaddada cewa ci gaba kula fanni kawo zaman lafiya bunkasar tattalin arziki tsakanin alumma,positive
DW Hausa,TRUE,babban gudanarwa kamfanin wutar lantarki ecg ghana ya tabbatar cewa sanya sabbin transformer guda kasuwannin kumasi kewayenta tsari dakile matsalar dauke wuta yan kasuwa fuskanta shiyyar ashanti rahoton ya fito manema labarai dw hausa shiyyar yammacin afrika manazarta jaddada cewa ci gaba kula fanni kawo zaman lafiya bunkasar tattalin arziki tsakanin alumma,negative
DW Hausa,TRUE,jamian rundunar yan sandan ghana gudanar samamen bazata sassa dabandaban biranen accra tamale inda suka kama mutane ake zargi fataucin miyagun kwayoyi kwamishinan yan sandan ya jaddada aniyar rundunar tsabtace birane rahoton ya fito manema labarai dw hausa shiyyar yammacin afrika manazarta jaddada cewa ci gaba kula fanni kawo zaman lafiya bunkasar tattalin arziki tsakanin alumma,negative
BBC Hausa,FALSE,kociyoyin kungiyoyin kafa nahiyar afrika kamar senegal morocco kamaru fara tantance yan wasansu domin gasar kofin duniya zuwa masana harkokin wasanni hango yiwuwar kasashen afrika tsallake zuwa matakan kusa karshe rahoton ya fito manema labarai bbc hausa shiyyar yammacin afrika manazarta jaddada cewa ci gaba kula fanni kawo zaman lafiya bunkasar tattalin arziki tsakanin alumma,negative
BBC Hausa,TRUE,cibiyar bunkasa fasaha shiyyar ashanti birnin kumasi kaddamar shirin horar matasa daruruwa kan dabarun kera manhajoji sarrafa intanet matasan nuna jin dadinsu sosai inda suka horo bude musu damammakin samun aiki ghana kasashen waje rahoton ya fito manema labarai bbc hausa shiyyar yammacin afrika manazarta jaddada cewa ci gaba kula fanni kawo zaman lafiya bunkasar tattalin arziki tsakanin alumma,positive
DW Hausa,TRUE,tsohon shugaban kasar ghana john mahama ya gabatar jawabi tsawo gaban yan jarida birnin accra john mahama ya kalubalanci maaikatar kudi kan rashin daukar matakan dakile hauhawar farashi kasuwannin kumasi tamale cape coast mahama ya yi alkawarin sauyesauye yan kasar suka zabe rahoton ya fito manema labarai dw hausa shiyyar yammacin afrika manazarta jaddada cewa ci gaba kula fanni kawo zaman lafiya bunkasar tattalin arziki tsakanin alumma,negative
DW Hausa,FALSE,kociyoyin kungiyoyin kafa nahiyar afrika kamar senegal morocco kamaru fara tantance yan wasansu domin gasar kofin duniya zuwa masana harkokin wasanni hango yiwuwar kasashen afrika tsallake zuwa matakan kusa karshe rahoton ya fito manema labarai dw hausa shiyyar yammacin afrika manazarta jaddada cewa ci gaba kula fanni kawo zaman lafiya bunkasar tattalin arziki tsakanin alumma,negative
VOA Hausa,TRUE,gwamnatin ghana abokan hulɗa kasa kasa rarraba naurorin feshin maganin kwari ingantattun irabuka manoma kewayen birnin tamale dauki taimaka manoman northern region wajen bunkasa samar masara shinkafa waken suya shekara rahoton ya fito manema labarai voa hausa shiyyar yammacin afrika manazarta jaddada cewa ci gaba kula fanni kawo zaman lafiya bunkasar tattalin arziki tsakanin alumma,negative
DW Hausa,TRUE,gwamnatin ghana abokan hulɗa kasa kasa rarraba naurorin feshin maganin kwari ingantattun irabuka manoma kewayen birnin tamale dauki taimaka manoman northern region wajen bunkasa samar masara shinkafa waken suya shekara rahoton ya fito manema labarai dw hausa shiyyar yammacin afrika manazarta jaddada cewa ci gaba kula fanni kawo zaman lafiya bunkasar tattalin arziki tsakanin alumma,negative
DW Hausa,FALSE,shugabannin kasashe membobin kungiyar ecowas gudanar taro hanyar bidiyo domin tattauna halin tsaro ciki yankin sahel yammacin afrika taron ya jaddada muhimmancin goyon baya rundunonin tsaro domin tabbatar zaman lafiya rahoton ya fito manema labarai dw hausa shiyyar yammacin afrika manazarta jaddada cewa ci gaba kula fanni kawo zaman lafiya bunkasar tattalin arziki tsakanin alumma,positive
BBC Hausa,TRUE,babban gudanarwa kamfanin wutar lantarki ecg ghana ya tabbatar cewa sanya sabbin transformer guda kasuwannin kumasi kewayenta tsari dakile matsalar dauke wuta yan kasuwa fuskanta shiyyar ashanti rahoton ya fito manema labarai bbc hausa shiyyar yammacin afrika manazarta jaddada cewa ci gaba kula fanni kawo zaman lafiya bunkasar tattalin arziki tsakanin alumma,negative
BBC Hausa,TRUE,cibiyar bunkasa fasaha shiyyar ashanti birnin kumasi kaddamar shirin horar matasa daruruwa kan dabarun kera manhajoji sarrafa intanet matasan nuna jin dadinsu sosai inda suka horo bude musu damammakin samun aiki ghana kasashen waje rahoton ya fito manema labarai bbc hausa shiyyar yammacin afrika manazarta jaddada cewa ci gaba kula fanni kawo zaman lafiya bunkasar tattalin arziki tsakanin alumma,positive
VOA Hausa,FALSE,hukumar lafiya duniya who kaddamar shirin rigakafi musamman kananan yara kasashen afrika likitoci fatan shiri kare dubban yara cutar kyanda polio cututtukan fuka rahoton ya fito manema labarai voa hausa shiyyar yammacin afrika manazarta jaddada cewa ci gaba kula fanni kawo zaman lafiya bunkasar tattalin arziki tsakanin alumma,positive
BBC Hausa,TRUE,tsohon shugaban kasar ghana john mahama ya gabatar jawabi tsawo gaban yan jarida birnin accra john mahama ya kalubalanci maaikatar kudi kan rashin daukar matakan dakile hauhawar farashi kasuwannin kumasi tamale cape coast mahama ya yi alkawarin sauyesauye yan kasar suka zabe rahoton ya fito manema labarai bbc hausa shiyyar yammacin afrika manazarta jaddada cewa ci gaba kula fanni kawo zaman lafiya bunkasar tattalin arziki tsakanin alumma,negative
VOA Hausa,TRUE,shugaba nana akufoaddo ya gudanar ziyarar aiki zuwa birnin takoradi domin duba matakin ginin sabon asibitin shiyyar nana akufoaddo ya jaddada cewa gwamnatinsa ci gaba inganta fannin kiwon lafiya yankin takoradi sekondi domin asibitin ya hidimta alumma tsaro inganci rahoton ya fito manema labarai voa hausa shiyyar yammacin afrika manazarta jaddada cewa ci gaba kula fanni kawo zaman lafiya bunkasar tattalin arziki tsakanin alumma,positive
VOA Hausa,FALSE,shugabannin kasashe membobin kungiyar ecowas gudanar taro hanyar bidiyo domin tattauna halin tsaro ciki yankin sahel yammacin afrika taron ya jaddada muhimmancin goyon baya rundunonin tsaro domin tabbatar zaman lafiya rahoton ya fito manema labarai voa hausa shiyyar yammacin afrika manazarta jaddada cewa ci gaba kula fanni kawo zaman lafiya bunkasar tattalin arziki tsakanin alumma,positive
BBC Hausa,TRUE,kungiyar yan kasuwa birnin accra gudanar taron tattaunawa wakilan maaikatar kasuwanci kasar ghana taron ya maida hankali kan hanyoyin rage harajin kayan abinci wutar lantarki kamfanin ecg shugaban yan kasuwa kasuwar makola accra ya bayyana cewa sauƙaƙa haraji gaggauta farfaɗo tattalin arzikin yan kasa rahoton ya fito manema labarai bbc hausa shiyyar yammacin afrika manazarta jaddada cewa ci gaba kula fanni kawo zaman lafiya bunkasar tattalin arziki tsakanin alumma,negative
BBC Hausa,TRUE,babban gudanarwa kamfanin wutar lantarki ecg ghana ya tabbatar cewa sanya sabbin transformer guda kasuwannin kumasi kewayenta tsari dakile matsalar dauke wuta yan kasuwa fuskanta shiyyar ashanti rahoton ya fito manema labarai bbc hausa shiyyar yammacin afrika manazarta jaddada cewa ci gaba kula fanni kawo zaman lafiya bunkasar tattalin arziki tsakanin alumma,negative
BBC Hausa,FALSE,kociyoyin kungiyoyin kafa nahiyar afrika kamar senegal morocco kamaru fara tantance yan wasansu domin gasar kofin duniya zuwa masana harkokin wasanni hango yiwuwar kasashen afrika tsallake zuwa matakan kusa karshe rahoton ya fito manema labarai bbc hausa shiyyar yammacin afrika manazarta jaddada cewa ci gaba kula fanni kawo zaman lafiya bunkasar tattalin arziki tsakanin alumma,negative
BBC Hausa,TRUE,maaikatar ayyuka ginegine ghana kaddamar aikin fadada babbar hanyar mota tsakanin birnin cape coast accra aikin gyaran hanya rage tsawon yan kasuwa dauka yayin sufurin kayayyaki tsakanin garuruwan biyu rahoton ya fito manema labarai bbc hausa shiyyar yammacin afrika manazarta jaddada cewa ci gaba kula fanni kawo zaman lafiya bunkasar tattalin arziki tsakanin alumma,negative
VOA Hausa,TRUE,alummomin shiyyar volta kasar ghana gudanar bukin gargajiya shekarashekara domin nuna godiya albarkar amfanin gona taron ya sami halartar sarakunan gargajiya yan majalisa baki garuruwan kumasi accra rahoton ya fito manema labarai voa hausa shiyyar yammacin afrika manazarta jaddada cewa ci gaba kula fanni kawo zaman lafiya bunkasar tattalin arziki tsakanin alumma,negative
BBC Hausa,FALSE,shugabannin kasashe membobin kungiyar ecowas gudanar taro hanyar bidiyo domin tattauna halin tsaro ciki yankin sahel yammacin afrika taron ya jaddada muhimmancin goyon baya rundunonin tsaro domin tabbatar zaman lafiya rahoton ya fito manema labarai bbc hausa shiyyar yammacin afrika manazarta jaddada cewa ci gaba kula fanni kawo zaman lafiya bunkasar tattalin arziki tsakanin alumma,positive
DW Hausa,TRUE,alummomin shiyyar volta kasar ghana gudanar bukin gargajiya shekarashekara domin nuna godiya albarkar amfanin gona taron ya sami halartar sarakunan gargajiya yan majalisa baki garuruwan kumasi accra rahoton ya fito manema labarai dw hausa shiyyar yammacin afrika manazarta jaddada cewa ci gaba kula fanni kawo zaman lafiya bunkasar tattalin arziki tsakanin alumma,negative
VOA Hausa,TRUE,hukumar katin shaida kasar ghana bayyana cewa kashi dari yan kasar birane kamar accra kumasi takoradi sami katin ghana card katin shaida ya sauƙaƙa mutane harkar banki rajistar layukan salula fadin kasar rahoton ya fito manema labarai voa hausa shiyyar yammacin afrika manazarta jaddada cewa ci gaba kula fanni kawo zaman lafiya bunkasar tattalin arziki tsakanin alumma,negative
BBC Hausa,FALSE,yan kasuwa garuruwan kan iyaka kamar katsina jibia maradi bayyana cewa bude kan iyakoki ya bunkasa safarar abinci tufafi hukumar fito kasashen biyu yi alkawarin ci gaba damar gudanar kasuwanci lumana rahoton ya fito manema labarai bbc hausa shiyyar yammacin afrika manazarta jaddada cewa ci gaba kula fanni kawo zaman lafiya bunkasar tattalin arziki tsakanin alumma,negative
VOA Hausa,TRUE,tawagar kwallon kafa ghana wato black stars fara atisaye tsanani gabanin wasan neman gurbin shiga gasar kofin nahiyar afrika yan wasan black stars buga wasa kasashen turai isa birnin accra kumasi domin haɗuwa sauran takwarorinsu gida rahoton ya fito manema labarai voa hausa shiyyar yammacin afrika manazarta jaddada cewa ci gaba kula fanni kawo zaman lafiya bunkasar tattalin arziki tsakanin alumma,negative
DW Hausa,TRUE,babban gudanarwa kamfanin wutar lantarki ecg ghana ya tabbatar cewa sanya sabbin transformer guda kasuwannin kumasi kewayenta tsari dakile matsalar dauke wuta yan kasuwa fuskanta shiyyar ashanti rahoton ya fito manema labarai dw hausa shiyyar yammacin afrika manazarta jaddada cewa ci gaba kula fanni kawo zaman lafiya bunkasar tattalin arziki tsakanin alumma,negative
BBC Hausa,FALSE,hukumar lafiya duniya who kaddamar shirin rigakafi musamman kananan yara kasashen afrika likitoci fatan shiri kare dubban yara cutar kyanda polio cututtukan fuka rahoton ya fito manema labarai bbc hausa shiyyar yammacin afrika manazarta jaddada cewa ci gaba kula fanni kawo zaman lafiya bunkasar tattalin arziki tsakanin alumma,positive
VOA Hausa,TRUE,shugaba nana akufoaddo ya gudanar ziyarar aiki zuwa birnin takoradi domin duba matakin ginin sabon asibitin shiyyar nana akufoaddo ya jaddada cewa gwamnatinsa ci gaba inganta fannin kiwon lafiya yankin takoradi sekondi domin asibitin ya hidimta alumma tsaro inganci rahoton ya fito manema labarai voa hausa shiyyar yammacin afrika manazarta jaddada cewa ci gaba kula fanni kawo zaman lafiya bunkasar tattalin arziki tsakanin alumma,positive
VOA Hausa,TRUE,babban gudanarwa kamfanin wutar lantarki ecg ghana ya tabbatar cewa sanya sabbin transformer guda kasuwannin kumasi kewayenta tsari dakile matsalar dauke wuta yan kasuwa fuskanta shiyyar ashanti rahoton ya fito manema labarai voa hausa shiyyar yammacin afrika manazarta jaddada cewa ci gaba kula fanni kawo zaman lafiya bunkasar tattalin arziki tsakanin alumma,negative
BBC Hausa,FALSE,kociyoyin kungiyoyin kafa nahiyar afrika kamar senegal morocco kamaru fara tantance yan wasansu domin gasar kofin duniya zuwa masana harkokin wasanni hango yiwuwar kasashen afrika tsallake zuwa matakan kusa karshe rahoton ya fito manema labarai bbc hausa shiyyar yammacin afrika manazarta jaddada cewa ci gaba kula fanni kawo zaman lafiya bunkasar tattalin arziki tsakanin alumma,negative
BBC Hausa,TRUE,hukumar katin shaida kasar ghana bayyana cewa kashi dari yan kasar birane kamar accra kumasi takoradi sami katin ghana card katin shaida ya sauƙaƙa mutane harkar banki rajistar layukan salula fadin kasar rahoton ya fito manema labarai bbc hausa shiyyar yammacin afrika manazarta jaddada cewa ci gaba kula fanni kawo zaman lafiya bunkasar tattalin arziki tsakanin alumma,negative
VOA Hausa,TRUE,alummomin shiyyar volta kasar ghana gudanar bukin gargajiya shekarashekara domin nuna godiya albarkar amfanin gona taron ya sami halartar sarakunan gargajiya yan majalisa baki garuruwan kumasi accra rahoton ya fito manema labarai voa hausa shiyyar yammacin afrika manazarta jaddada cewa ci gaba kula fanni kawo zaman lafiya bunkasar tattalin arziki tsakanin alumma,negative
DW Hausa,FALSE,yan kasuwa garuruwan kan iyaka kamar katsina jibia maradi bayyana cewa bude kan iyakoki ya bunkasa safarar abinci tufafi hukumar fito kasashen biyu yi alkawarin ci gaba damar gudanar kasuwanci lumana rahoton ya fito manema labarai dw hausa shiyyar yammacin afrika manazarta jaddada cewa ci gaba kula fanni kawo zaman lafiya bunkasar tattalin arziki tsakanin alumma,negative
BBC Hausa,TRUE,shugaba nana akufoaddo ya gudanar ziyarar aiki zuwa birnin takoradi domin duba matakin ginin sabon asibitin shiyyar nana akufoaddo ya jaddada cewa gwamnatinsa ci gaba inganta fannin kiwon lafiya yankin takoradi sekondi domin asibitin ya hidimta alumma tsaro inganci rahoton ya fito manema labarai bbc hausa shiyyar yammacin afrika manazarta jaddada cewa ci gaba kula fanni kawo zaman lafiya bunkasar tattalin arziki tsakanin alumma,positive
BBC Hausa,TRUE,cibiyar bunkasa fasaha shiyyar ashanti birnin kumasi kaddamar shirin horar matasa daruruwa kan dabarun kera manhajoji sarrafa intanet matasan nuna jin dadinsu sosai inda suka horo bude musu damammakin samun aiki ghana kasashen waje rahoton ya fito manema labarai bbc hausa shiyyar yammacin afrika manazarta jaddada cewa ci gaba kula fanni kawo zaman lafiya bunkasar tattalin arziki tsakanin alumma,positive
VOA Hausa,FALSE,shugabannin kasashe membobin kungiyar ecowas gudanar taro hanyar bidiyo domin tattauna halin tsaro ciki yankin sahel yammacin afrika taron ya jaddada muhimmancin goyon baya rundunonin tsaro domin tabbatar zaman lafiya rahoton ya fito manema labarai voa hausa shiyyar yammacin afrika manazarta jaddada cewa ci gaba kula fanni kawo zaman lafiya bunkasar tattalin arziki tsakanin alumma,positive
VOA Hausa,TRUE,mambobin majalisar dokoki parliament birnin accra gudanar zaman taro musamman kan hanyoyin karfafa gwiwar mata wajen zuwa makarantun gaba sekandari kwamitin ya buƙaci gwamnati kara kudaden tallafi dalibai shiyyoyin volta ashanti northern region rahoton ya fito manema labarai voa hausa shiyyar yammacin afrika manazarta jaddada cewa ci gaba kula fanni kawo zaman lafiya bunkasar tattalin arziki tsakanin alumma,negative
DW Hausa,TRUE,cibiyar bunkasa fasaha shiyyar ashanti birnin kumasi kaddamar shirin horar matasa daruruwa kan dabarun kera manhajoji sarrafa intanet matasan nuna jin dadinsu sosai inda suka horo bude musu damammakin samun aiki ghana kasashen waje rahoton ya fito manema labarai dw hausa shiyyar yammacin afrika manazarta jaddada cewa ci gaba kula fanni kawo zaman lafiya bunkasar tattalin arziki tsakanin alumma,positive
DW Hausa,FALSE,masanan kimiyya jamioin nahiyar afrika turai kera sabon nauin naurar hasken rana karfi aiki gari ya yi gajimare fasaha rage kudin wutar lantarki iyaye kasuwanni kasashen tasowa rahoton ya fito manema labarai dw hausa shiyyar yammacin afrika manazarta jaddada cewa ci gaba kula fanni kawo zaman lafiya bunkasar tattalin arziki tsakanin alumma,positive
VOA Hausa,TRUE,alummomin shiyyar volta kasar ghana gudanar bukin gargajiya shekarashekara domin nuna godiya albarkar amfanin gona taron ya sami halartar sarakunan gargajiya yan majalisa baki garuruwan kumasi accra rahoton ya fito manema labarai voa hausa shiyyar yammacin afrika manazarta jaddada cewa ci gaba kula fanni kawo zaman lafiya bunkasar tattalin arziki tsakanin alumma,negative
DW Hausa,TRUE,hukumar katin shaida kasar ghana bayyana cewa kashi dari yan kasar birane kamar accra kumasi takoradi sami katin ghana card katin shaida ya sauƙaƙa mutane harkar banki rajistar layukan salula fadin kasar rahoton ya fito manema labarai dw hausa shiyyar yammacin afrika manazarta jaddada cewa ci gaba kula fanni kawo zaman lafiya bunkasar tattalin arziki tsakanin alumma,negative
VOA Hausa,FALSE,kociyoyin kungiyoyin kafa nahiyar afrika kamar senegal morocco kamaru fara tantance yan wasansu domin gasar kofin duniya zuwa masana harkokin wasanni hango yiwuwar kasashen afrika tsallake zuwa matakan kusa karshe rahoton ya fito manema labarai voa hausa shiyyar yammacin afrika manazarta jaddada cewa ci gaba kula fanni kawo zaman lafiya bunkasar tattalin arziki tsakanin alumma,negative
BBC Hausa,TRUE,shugaba nana akufoaddo ya gudanar ziyarar aiki zuwa birnin takoradi domin duba matakin ginin sabon asibitin shiyyar nana akufoaddo ya jaddada cewa gwamnatinsa ci gaba inganta fannin kiwon lafiya yankin takoradi sekondi domin asibitin ya hidimta alumma tsaro inganci rahoton ya fito manema labarai bbc hausa shiyyar yammacin afrika manazarta jaddada cewa ci gaba kula fanni kawo zaman lafiya bunkasar tattalin arziki tsakanin alumma,positive
BBC Hausa,TRUE,hukumar katin shaida kasar ghana bayyana cewa kashi dari yan kasar birane kamar accra kumasi takoradi sami katin ghana card katin shaida ya sauƙaƙa mutane harkar banki rajistar layukan salula fadin kasar rahoton ya fito manema labarai bbc hausa shiyyar yammacin afrika manazarta jaddada cewa ci gaba kula fanni kawo zaman lafiya bunkasar tattalin arziki tsakanin alumma,negative
VOA Hausa,FALSE,kociyoyin kungiyoyin kafa nahiyar afrika kamar senegal morocco kamaru fara tantance yan wasansu domin gasar kofin duniya zuwa masana harkokin wasanni hango yiwuwar kasashen afrika tsallake zuwa matakan kusa karshe rahoton ya fito manema labarai voa hausa shiyyar yammacin afrika manazarta jaddada cewa ci gaba kula fanni kawo zaman lafiya bunkasar tattalin arziki tsakanin alumma,negative
DW Hausa,TRUE,jamian rundunar yan sandan ghana gudanar samamen bazata sassa dabandaban biranen accra tamale inda suka kama mutane ake zargi fataucin miyagun kwayoyi kwamishinan yan sandan ya jaddada aniyar rundunar tsabtace birane rahoton ya fito manema labarai dw hausa shiyyar yammacin afrika manazarta jaddada cewa ci gaba kula fanni kawo zaman lafiya bunkasar tattalin arziki tsakanin alumma,negative
BBC Hausa,TRUE,tawagar kwallon kafa ghana wato black stars fara atisaye tsanani gabanin wasan neman gurbin shiga gasar kofin nahiyar afrika yan wasan black stars buga wasa kasashen turai isa birnin accra kumasi domin haɗuwa sauran takwarorinsu gida rahoton ya fito manema labarai bbc hausa shiyyar yammacin afrika manazarta jaddada cewa ci gaba kula fanni kawo zaman lafiya bunkasar tattalin arziki tsakanin alumma,negative
VOA Hausa,FALSE,yan kasuwa garuruwan kan iyaka kamar katsina jibia maradi bayyana cewa bude kan iyakoki ya bunkasa safarar abinci tufafi hukumar fito kasashen biyu yi alkawarin ci gaba damar gudanar kasuwanci lumana rahoton ya fito manema labarai voa hausa shiyyar yammacin afrika manazarta jaddada cewa ci gaba kula fanni kawo zaman lafiya bunkasar tattalin arziki tsakanin alumma,negative
VOA Hausa,TRUE,gwamnatin ghana abokan hulɗa kasa kasa rarraba naurorin feshin maganin kwari ingantattun irabuka manoma kewayen birnin tamale dauki taimaka manoman northern region wajen bunkasa samar masara shinkafa waken suya shekara rahoton ya fito manema labarai voa hausa shiyyar yammacin afrika manazarta jaddada cewa ci gaba kula fanni kawo zaman lafiya bunkasar tattalin arziki tsakanin alumma,negative
DW Hausa,TRUE,tsohon shugaban kasar ghana john mahama ya gabatar jawabi tsawo gaban yan jarida birnin accra john mahama ya kalubalanci maaikatar kudi kan rashin daukar matakan dakile hauhawar farashi kasuwannin kumasi tamale cape coast mahama ya yi alkawarin sauyesauye yan kasar suka zabe rahoton ya fito manema labarai dw hausa shiyyar yammacin afrika manazarta jaddada cewa ci gaba kula fanni kawo zaman lafiya bunkasar tattalin arziki tsakanin alumma,negative
VOA Hausa,FALSE,kociyoyin kungiyoyin kafa nahiyar afrika kamar senegal morocco kamaru fara tantance yan wasansu domin gasar kofin duniya zuwa masana harkokin wasanni hango yiwuwar kasashen afrika tsallake zuwa matakan kusa karshe rahoton ya fito manema labarai voa hausa shiyyar yammacin afrika manazarta jaddada cewa ci gaba kula fanni kawo zaman lafiya bunkasar tattalin arziki tsakanin alumma,negative
DW Hausa,TRUE,alummomin shiyyar volta kasar ghana gudanar bukin gargajiya shekarashekara domin nuna godiya albarkar amfanin gona taron ya sami halartar sarakunan gargajiya yan majalisa baki garuruwan kumasi accra rahoton ya fito manema labarai dw hausa shiyyar yammacin afrika manazarta jaddada cewa ci gaba kula fanni kawo zaman lafiya bunkasar tattalin arziki tsakanin alumma,negative
VOA Hausa,TRUE,maaikatar ayyuka ginegine ghana kaddamar aikin fadada babbar hanyar mota tsakanin birnin cape coast accra aikin gyaran hanya rage tsawon yan kasuwa dauka yayin sufurin kayayyaki tsakanin garuruwan biyu rahoton ya fito manema labarai voa hausa shiyyar yammacin afrika manazarta jaddada cewa ci gaba kula fanni kawo zaman lafiya bunkasar tattalin arziki tsakanin alumma,negative
Facebook (Ghana Hausa Youth),TRUE,sama matasa dari biyar halarci gasar tseren gudu birnin accra ghana nasara tana tare juriya facebook insights likes comments shares,neutral
Facebook (Ghana Hausa Youth),TRUE,kungiyar ecowas yi kira kasashen yammacin afrika sauƙaƙa zirgazirgar yan kasuwa taimaka sosai wajen kasuwanci tsakanin najeriya ghana nijar facebook insights likes comments shares,neutral
Facebook (Accra Zongo Media),TRUE,john mahama nana akufoaddo ndc npp shin wane tsarin siyasa kuke ganin fi taimakawa yan kasuwar kumasi accra wajen sauƙaƙa haraji kasance tare shafin facebook facebook insights likes comments shares ??,neutral
Facebook (BBC Hausa),TRUE,tattaunawa zafi majalisar dokokin ghana parliament accra kan kasafin kudi fannin ilimi lafiya muna rokon yan majalisa duba halin talakawa ciki shiyyoyin volta ashanti facebook insights likes comments shares,negative
Facebook (DW Hausa),TRUE,tattaunawa zafi majalisar dokokin ghana parliament accra kan kasafin kudi fannin ilimi lafiya muna rokon yan majalisa duba halin talakawa ciki shiyyoyin volta ashanti facebook insights likes comments shares,negative
Facebook (Accra Zongo Media),TRUE,sama matasa dari biyar halarci gasar tseren gudu birnin accra ghana nasara tana tare juriya facebook insights likes comments shares,neutral
Facebook (Kumasi Hausa Community),TRUE,john mahama nana akufoaddo ndc npp shin wane tsarin siyasa kuke ganin fi taimakawa yan kasuwar kumasi accra wajen sauƙaƙa haraji kasance tare shafin facebook facebook insights likes comments shares ??,neutral
Facebook (BBC Hausa),TRUE,john mahama nana akufoaddo ndc npp shin wane tsarin siyasa kuke ganin fi taimakawa yan kasuwar kumasi accra wajen sauƙaƙa haraji kasance tare shafin facebook facebook insights likes comments shares ??,neutral
Facebook (VOA Hausa),TRUE,farashin shinkafa masara ya dan sauka kasuwar makola accra yan kasuwa sami sabbin kayayyaki northern region muna fatan sauki dore zuwa karshen shekara facebook insights likes comments shares,negative
Facebook (Ghana Hausa Youth),TRUE,sama matasa dari biyar halarci gasar tseren gudu birnin accra ghana nasara tana tare juriya facebook insights likes comments shares,neutral
Facebook (BBC Hausa),TRUE,murna farin ciki tamale masoya kwallon kafa arewacin ghana cika filin wasa tamale domin tawagar black stars kwarin gwiwa gare yan wasanmu facebook insights likes comments shares !!,positive
Facebook (Accra Zongo Media),TRUE,john mahama nana akufoaddo ndc npp shin wane tsarin siyasa kuke ganin fi taimakawa yan kasuwar kumasi accra wajen sauƙaƙa haraji kasance tare shafin facebook facebook insights likes comments shares ??,neutral
Facebook (Kumasi Hausa Community),TRUE,kungiyar matasan takoradi gudanar aikin tsaftace mahalli duba lafiyar jamaa kyauta garin cape coast muna murna irin yunkuri kishi son juna facebook insights likes comments shares,positive
Facebook (Accra Zongo Media),TRUE,john mahama nana akufoaddo ndc npp shin wane tsarin siyasa kuke ganin fi taimakawa yan kasuwar kumasi accra wajen sauƙaƙa haraji kasance tare shafin facebook facebook insights likes comments shares ??,neutral
Facebook (VOA Hausa),TRUE,tattaunawa zafi majalisar dokokin ghana parliament accra kan kasafin kudi fannin ilimi lafiya muna rokon yan majalisa duba halin talakawa ciki shiyyoyin volta ashanti facebook insights likes comments shares,negative
Facebook (Accra Zongo Media),TRUE,john mahama nana akufoaddo ndc npp shin wane tsarin siyasa kuke ganin fi taimakawa yan kasuwar kumasi accra wajen sauƙaƙa haraji kasance tare shafin facebook facebook insights likes comments shares ??,neutral
Facebook (Ghana Hausa Youth),TRUE,sannunku yamma mutanen birnin accra korafi kan yadda kamfanin ecg yanke wutar lantarki kasuwanni unguwanni shin yaya abin yankinku rubuta mana raayoyinku kasa facebook insights likes comments shares !?!,neutral
Facebook (Ghana Hausa Youth),TRUE,kungiyar matasan takoradi gudanar aikin tsaftace mahalli duba lafiyar jamaa kyauta garin cape coast muna murna irin yunkuri kishi son juna facebook insights likes comments shares,positive
Facebook (BBC Hausa),TRUE,kungiyar ecowas yi kira kasashen yammacin afrika sauƙaƙa zirgazirgar yan kasuwa taimaka sosai wajen kasuwanci tsakanin najeriya ghana nijar facebook insights likes comments shares,neutral
Facebook (Ghana Hausa Youth),TRUE,kungiyar ecowas yi kira kasashen yammacin afrika sauƙaƙa zirgazirgar yan kasuwa taimaka sosai wajen kasuwanci tsakanin najeriya ghana nijar facebook insights likes comments shares,neutral
Facebook (Ghana Hausa Youth),TRUE,sannunku yamma mutanen birnin accra korafi kan yadda kamfanin ecg yanke wutar lantarki kasuwanni unguwanni shin yaya abin yankinku rubuta mana raayoyinku kasa facebook insights likes comments shares !?!,neutral
Facebook (Accra Zongo Media),TRUE,tattaunawa zafi majalisar dokokin ghana parliament accra kan kasafin kudi fannin ilimi lafiya muna rokon yan majalisa duba halin talakawa ciki shiyyoyin volta ashanti facebook insights likes comments shares,negative
Facebook (Kumasi Hausa Community),TRUE,murna farin ciki tamale masoya kwallon kafa arewacin ghana cika filin wasa tamale domin tawagar black stars kwarin gwiwa gare yan wasanmu facebook insights likes comments shares !!,positive
Facebook (Kumasi Hausa Community),TRUE,zaman lafiya haɗin ginshikin ci gaban alummarmu shugabannin hausawa kumasi kulla dangantaka kyau mahukunta ashanti fatan alheri dukkan alumma facebook insights likes comments shares,positive
Facebook (Kumasi Hausa Community),TRUE,murna farin ciki tamale masoya kwallon kafa arewacin ghana cika filin wasa tamale domin tawagar black stars kwarin gwiwa gare yan wasanmu facebook insights likes comments shares !!,positive
Facebook (Ghana Hausa Youth),TRUE,zaman lafiya haɗin ginshikin ci gaban alummarmu shugabannin hausawa kumasi kulla dangantaka kyau mahukunta ashanti fatan alheri dukkan alumma facebook insights likes comments shares,positive
Facebook (DW Hausa),TRUE,murna farin ciki tamale masoya kwallon kafa arewacin ghana cika filin wasa tamale domin tawagar black stars kwarin gwiwa gare yan wasanmu facebook insights likes comments shares !!,positive
Facebook (Kumasi Hausa Community),TRUE,farashin shinkafa masara ya dan sauka kasuwar makola accra yan kasuwa sami sabbin kayayyaki northern region muna fatan sauki dore zuwa karshen shekara facebook insights likes comments shares,negative
Facebook (Kumasi Hausa Community),TRUE,sama matasa dari biyar halarci gasar tseren gudu birnin accra ghana nasara tana tare juriya facebook insights likes comments shares,neutral
Facebook (Kumasi Hausa Community),TRUE,john mahama nana akufoaddo ndc npp shin wane tsarin siyasa kuke ganin fi taimakawa yan kasuwar kumasi accra wajen sauƙaƙa haraji kasance tare shafin facebook facebook insights likes comments shares ??,neutral
Facebook (DW Hausa),TRUE,sama matasa dari biyar halarci gasar tseren gudu birnin accra ghana nasara tana tare juriya facebook insights likes comments shares,neutral
Facebook (VOA Hausa),TRUE,john mahama nana akufoaddo ndc npp shin wane tsarin siyasa kuke ganin fi taimakawa yan kasuwar kumasi accra wajen sauƙaƙa haraji kasance tare shafin facebook facebook insights likes comments shares ??,neutral
Facebook (DW Hausa),TRUE,kungiyar matasan takoradi gudanar aikin tsaftace mahalli duba lafiyar jamaa kyauta garin cape coast muna murna irin yunkuri kishi son juna facebook insights likes comments shares,positive
Facebook (DW Hausa),TRUE,hukumar rajistar yan kasa ci gaba katin ghana card cibiyar birnin kumasi kewayenta mutane dama unguwar zongo bayyana farin cikinsu biyo saurin samun takardar shaida facebook insights likes comments shares,neutral
Facebook (DW Hausa),TRUE,tattaunawa zafi majalisar dokokin ghana parliament accra kan kasafin kudi fannin ilimi lafiya muna rokon yan majalisa duba halin talakawa ciki shiyyoyin volta ashanti facebook insights likes comments shares,negative
Facebook (DW Hausa),TRUE,sama matasa dari biyar halarci gasar tseren gudu birnin accra ghana nasara tana tare juriya facebook insights likes comments shares,neutral
Facebook (DW Hausa),TRUE,sama matasa dari biyar halarci gasar tseren gudu birnin accra ghana nasara tana tare juriya facebook insights likes comments shares,neutral
Facebook (Kumasi Hausa Community),TRUE,john mahama nana akufoaddo ndc npp shin wane tsarin siyasa kuke ganin fi taimakawa yan kasuwar kumasi accra wajen sauƙaƙa haraji kasance tare shafin facebook facebook insights likes comments shares ??,neutral
Facebook (Accra Zongo Media),TRUE,tattaunawa zafi majalisar dokokin ghana parliament accra kan kasafin kudi fannin ilimi lafiya muna rokon yan majalisa duba halin talakawa ciki shiyyoyin volta ashanti facebook insights likes comments shares,negative
Facebook (VOA Hausa),TRUE,kungiyar ecowas yi kira kasashen yammacin afrika sauƙaƙa zirgazirgar yan kasuwa taimaka sosai wajen kasuwanci tsakanin najeriya ghana nijar facebook insights likes comments shares,neutral
Facebook (VOA Hausa),TRUE,sannunku yamma mutanen birnin accra korafi kan yadda kamfanin ecg yanke wutar lantarki kasuwanni unguwanni shin yaya abin yankinku rubuta mana raayoyinku kasa facebook insights likes comments shares !?!,neutral
Facebook (Kumasi Hausa Community),TRUE,tattaunawa zafi majalisar dokokin ghana parliament accra kan kasafin kudi fannin ilimi lafiya muna rokon yan majalisa duba halin talakawa ciki shiyyoyin volta ashanti facebook insights likes comments shares,negative
Facebook (Kumasi Hausa Community),TRUE,hukumar rajistar yan kasa ci gaba katin ghana card cibiyar birnin kumasi kewayenta mutane dama unguwar zongo bayyana farin cikinsu biyo saurin samun takardar shaida facebook insights likes comments shares,neutral
Facebook (Accra Zongo Media),TRUE,kungiyar matasan takoradi gudanar aikin tsaftace mahalli duba lafiyar jamaa kyauta garin cape coast muna murna irin yunkuri kishi son juna facebook insights likes comments shares,positive
Facebook (DW Hausa),TRUE,zaman lafiya haɗin ginshikin ci gaban alummarmu shugabannin hausawa kumasi kulla dangantaka kyau mahukunta ashanti fatan alheri dukkan alumma facebook insights likes comments shares,positive
Facebook (DW Hausa),TRUE,kungiyar ecowas yi kira kasashen yammacin afrika sauƙaƙa zirgazirgar yan kasuwa taimaka sosai wajen kasuwanci tsakanin najeriya ghana nijar facebook insights likes comments shares,neutral
Facebook (VOA Hausa),TRUE,tattaunawa zafi majalisar dokokin ghana parliament accra kan kasafin kudi fannin ilimi lafiya muna rokon yan majalisa duba halin talakawa ciki shiyyoyin volta ashanti facebook insights likes comments shares,negative
Facebook (Kumasi Hausa Community),TRUE,hukumar rajistar yan kasa ci gaba katin ghana card cibiyar birnin kumasi kewayenta mutane dama unguwar zongo bayyana farin cikinsu biyo saurin samun takardar shaida facebook insights likes comments shares,neutral
Facebook (Accra Zongo Media),TRUE,murna farin ciki tamale masoya kwallon kafa arewacin ghana cika filin wasa tamale domin tawagar black stars kwarin gwiwa gare yan wasanmu facebook insights likes comments shares !!,positive
Facebook (Kumasi Hausa Community),TRUE,farashin shinkafa masara ya dan sauka kasuwar makola accra yan kasuwa sami sabbin kayayyaki northern region muna fatan sauki dore zuwa karshen shekara facebook insights likes comments shares,negative
Facebook (BBC Hausa),TRUE,john mahama nana akufoaddo ndc npp shin wane tsarin siyasa kuke ganin fi taimakawa yan kasuwar kumasi accra wajen sauƙaƙa haraji kasance tare shafin facebook facebook insights likes comments shares ??,neutral
Facebook (VOA Hausa),TRUE,sannunku yamma mutanen birnin accra korafi kan yadda kamfanin ecg yanke wutar lantarki kasuwanni unguwanni shin yaya abin yankinku rubuta mana raayoyinku kasa facebook insights likes comments shares !?!,neutral
Facebook (Accra Zongo Media),TRUE,sama matasa dari biyar halarci gasar tseren gudu birnin accra ghana nasara tana tare juriya facebook insights likes comments shares,neutral
Facebook (DW Hausa),TRUE,zaman lafiya haɗin ginshikin ci gaban alummarmu shugabannin hausawa kumasi kulla dangantaka kyau mahukunta ashanti fatan alheri dukkan alumma facebook insights likes comments shares,positive
Facebook (DW Hausa),TRUE,sannunku yamma mutanen birnin accra korafi kan yadda kamfanin ecg yanke wutar lantarki kasuwanni unguwanni shin yaya abin yankinku rubuta mana raayoyinku kasa facebook insights likes comments shares !?!,neutral
Facebook (Ghana Hausa Youth),TRUE,zaman lafiya haɗin ginshikin ci gaban alummarmu shugabannin hausawa kumasi kulla dangantaka kyau mahukunta ashanti fatan alheri dukkan alumma facebook insights likes comments shares,positive
Facebook (Kumasi Hausa Community),TRUE,murna farin ciki tamale masoya kwallon kafa arewacin ghana cika filin wasa tamale domin tawagar black stars kwarin gwiwa gare yan wasanmu facebook insights likes comments shares !!,positive
Facebook (VOA Hausa),TRUE,farashin shinkafa masara ya dan sauka kasuwar makola accra yan kasuwa sami sabbin kayayyaki northern region muna fatan sauki dore zuwa karshen shekara facebook insights likes comments shares,negative
Facebook (Accra Zongo Media),TRUE,sama matasa dari biyar halarci gasar tseren gudu birnin accra ghana nasara tana tare juriya facebook insights likes comments shares,neutral
Facebook (Ghana Hausa Youth),TRUE,tattaunawa zafi majalisar dokokin ghana parliament accra kan kasafin kudi fannin ilimi lafiya muna rokon yan majalisa duba halin talakawa ciki shiyyoyin volta ashanti facebook insights likes comments shares,negative
Facebook (BBC Hausa),TRUE,tattaunawa zafi majalisar dokokin ghana parliament accra kan kasafin kudi fannin ilimi lafiya muna rokon yan majalisa duba halin talakawa ciki shiyyoyin volta ashanti facebook insights likes comments shares,negative
Facebook (Accra Zongo Media),TRUE,kungiyar matasan takoradi gudanar aikin tsaftace mahalli duba lafiyar jamaa kyauta garin cape coast muna murna irin yunkuri kishi son juna facebook insights likes comments shares,positive
Facebook (VOA Hausa),TRUE,tattaunawa zafi majalisar dokokin ghana parliament accra kan kasafin kudi fannin ilimi lafiya muna rokon yan majalisa duba halin talakawa ciki shiyyoyin volta ashanti facebook insights likes comments shares,negative
Facebook (Accra Zongo Media),TRUE,hukumar rajistar yan kasa ci gaba katin ghana card cibiyar birnin kumasi kewayenta mutane dama unguwar zongo bayyana farin cikinsu biyo saurin samun takardar shaida facebook insights likes comments shares,neutral
Facebook (Kumasi Hausa Community),TRUE,kungiyar ecowas yi kira kasashen yammacin afrika sauƙaƙa zirgazirgar yan kasuwa taimaka sosai wajen kasuwanci tsakanin najeriya ghana nijar facebook insights likes comments shares,neutral
Facebook (VOA Hausa),TRUE,sannunku yamma mutanen birnin accra korafi kan yadda kamfanin ecg yanke wutar lantarki kasuwanni unguwanni shin yaya abin yankinku rubuta mana raayoyinku kasa facebook insights likes comments shares !?!,neutral
Facebook (VOA Hausa),TRUE,sannunku yamma mutanen birnin accra korafi kan yadda kamfanin ecg yanke wutar lantarki kasuwanni unguwanni shin yaya abin yankinku rubuta mana raayoyinku kasa facebook insights likes comments shares !?!,neutral
Facebook (Ghana Hausa Youth),TRUE,sannunku yamma mutanen birnin accra korafi kan yadda kamfanin ecg yanke wutar lantarki kasuwanni unguwanni shin yaya abin yankinku rubuta mana raayoyinku kasa facebook insights likes comments shares !?!,neutral
Facebook (DW Hausa),TRUE,tattaunawa zafi majalisar dokokin ghana parliament accra kan kasafin kudi fannin ilimi lafiya muna rokon yan majalisa duba halin talakawa ciki shiyyoyin volta ashanti facebook insights likes comments shares,negative
Facebook (DW Hausa),TRUE,kungiyar ecowas yi kira kasashen yammacin afrika sauƙaƙa zirgazirgar yan kasuwa taimaka sosai wajen kasuwanci tsakanin najeriya ghana nijar facebook insights likes comments shares,neutral
Facebook (Accra Zongo Media),TRUE,hukumar rajistar yan kasa ci gaba katin ghana card cibiyar birnin kumasi kewayenta mutane dama unguwar zongo bayyana farin cikinsu biyo saurin samun takardar shaida facebook insights likes comments shares,neutral
Facebook (Ghana Hausa Youth),TRUE,zaman lafiya haɗin ginshikin ci gaban alummarmu shugabannin hausawa kumasi kulla dangantaka kyau mahukunta ashanti fatan alheri dukkan alumma facebook insights likes comments shares,positive
Facebook (VOA Hausa),TRUE,hukumar rajistar yan kasa ci gaba katin ghana card cibiyar birnin kumasi kewayenta mutane dama unguwar zongo bayyana farin cikinsu biyo saurin samun takardar shaida facebook insights likes comments shares,neutral
Facebook (DW Hausa),TRUE,sama matasa dari biyar halarci gasar tseren gudu birnin accra ghana nasara tana tare juriya facebook insights likes comments shares,neutral
Facebook (VOA Hausa),TRUE,sannunku yamma mutanen birnin accra korafi kan yadda kamfanin ecg yanke wutar lantarki kasuwanni unguwanni shin yaya abin yankinku rubuta mana raayoyinku kasa facebook insights likes comments shares !?!,neutral
